{
  "project_info": {
    "project_number": "469487414723",
    "project_id": "physioup-958f0",
    "storage_bucket": "physioup-958f0.firebasestorage.app"
  },
  "client": [
    {
      "client_info": {
        "mobilesdk_app_id": "1:469487414723:android:19c9ad85f1295f9dd82176",
        "android_client_info": {
          "package_name": "com.example.phsyio_up"
        }
      },
      "oauth_client": [],
      "api_key": [
        {
          "current_key": "AIzaSyDi8NaLatQBMnfW9fQ3Y7twN-olojkE4yQ"
        }
      ],
      "services": {
        "appinvite_service": {
          "other_platform_oauth_client": []
        }
      }
    }
  ],
  "configuration_version": "1"
}