{"flutter":{"platforms":{"android":{"default":{"projectId":"physioup-958f0","appId":"1:469487414723:android:19c9ad85f1295f9dd82176","fileOutput":"android/app/google-services.json"}},"ios":{"default":{"projectId":"physioup-958f0","appId":"1:469487414723:ios:b38aaa495dbccd8ed82176","uploadDebugSymbols":false,"fileOutput":"ios/Runner/GoogleService-Info.plist"}},"macos":{"default":{"projectId":"physioup-958f0","appId":"1:469487414723:ios:b38aaa495dbccd8ed82176","uploadDebugSymbols":false,"fileOutput":"macos/Runner/GoogleService-Info.plist"}},"dart":{"lib/firebase_options.dart":{"projectId":"physioup-958f0","configurations":{"android":"1:469487414723:android:19c9ad85f1295f9dd82176","ios":"1:469487414723:ios:b38aaa495dbccd8ed82176","macos":"1:469487414723:ios:b38aaa495dbccd8ed82176","web":"1:469487414723:web:fead013e4605f350d82176","windows":"1:469487414723:web:f192f14b224830d9d82176"}}}}}}